Run, Fitness, Generations, Evaluations, Time
1, 599720.0645715116, 25, 2500, 7.050000190734863
