Run, Fitness, Generations, Evaluations, Time
1, 664147.419560079, 32, 2549, 6.732933282852173
