Run, Fitness, Generations, Evaluations, Time
1, 680876.6506943115, 26, 2525, 4.14541220664978
