Instance, Fitness, Bound, Gap, Time
PI_1_1000_25_0.25_0.01_c2_r0.9, 662945.6110599997, 666388.0105423693, 0.0051925820533995064, 321.68106339999997
