Run, Fitness, Generations, Evaluations, Time
1, 892960.263367385, 103, 9412, 890.0296401977539
